éÊìæì˙,è⁄ç◊URL,åüçıÉ^ÉCÉgÉã
2020-04-04,https://tabelog.com/tokyo/A1301/A130101/13136076/,ã‚ç¿
2020-04-04,https://tabelog.com/tokyo/A1301/A130101/13002287/,ã‚ç¿
2020-04-04,https://tabelog.com/tokyo/A1301/A130101/13146665/,ã‚ç¿
2020-04-04,https://tabelog.com/tokyo/A1301/A130101/13041887/,ã‚ç¿
2020-04-04,https://tabelog.com/tokyo/A1301/A130101/13206577/,ã‚ç¿
2020-04-04,https://tabelog.com/tokyo/A1301/A130101/13164501/,ã‚ç¿
2020-04-04,https://tabelog.com/tokyo/A1301/A130101/13226355/,ã‚ç¿
2020-04-04,https://tabelog.com/tokyo/A1301/A130101/13214596/,ã‚ç¿
2020-04-04,https://tabelog.com/tokyo/A1301/A130101/13167406/,ã‚ç¿
2020-04-04,https://tabelog.com/tokyo/A1301/A130101/13146019/,ã‚ç¿
2020-04-04,https://tabelog.com/tokyo/A1301/A130101/13115780/,ã‚ç¿
2020-04-04,https://tabelog.com/tokyo/A1301/A130101/13032773/,ã‚ç¿
2020-04-04,https://tabelog.com/tokyo/A1301/A130101/13222299/,ã‚ç¿
2020-04-04,https://tabelog.com/tokyo/A1301/A130101/13148122/,ã‚ç¿
2020-04-04,https://tabelog.com/tokyo/A1301/A130101/13220798/,ã‚ç¿
2020-04-04,https://tabelog.com/tokyo/A1301/A130101/13005021/,ã‚ç¿
2020-04-04,https://tabelog.com/tokyo/A1301/A130101/13207608/,ã‚ç¿
2020-04-04,https://tabelog.com/tokyo/A1301/A130101/13015359/,ã‚ç¿
2020-04-04,https://tabelog.com/tokyo/A1301/A130101/13148124/,ã‚ç¿
2020-04-04,https://tabelog.com/tokyo/A1301/A130101/13210144/,ã‚ç¿
